Id,first_name,last_name,age
1,Kelly,Murphy,79
2,Jeffery,Fox,49
3,Veronica,Hawkins,52
4,Raymond,Jones,68
5,Stacy,Thomas,78
6,James,Camacho,61
7,Christopher,Brown,57
8,Brandon,Huang,74
9,Mary,White,53
10,Amy,Bird,49
11,Jacob,Stone,22
12,Sarah,Weaver,74
13,Alison,Moore,35
14,Jennifer,Chapman,29
15,Mary,Brown,35
16,Kristina,Robinson,58
17,Stephen,Maxwell,69
18,Marissa,Durham,22
19,Chelsea,Lee,40
20,Eric,Montoya,66
21,William,Day,56
22,Stacey,Edwards,69
23,Wendy,Lee,24
24,Lisa,Blake,46
25,Roy,Martinez,77
26,Veronica,Solomon,27
27,Nathan,King,79
28,Alicia,Haynes,74
29,Zachary,Ray,34
30,Johnathan,Buckley,37
31,Brittney,Marks,21
32,Kenneth,Ballard,42
33,Allison,Carter,54
34,Timothy,Clark,48
35,Ryan,Wood,44
36,Lisa,Collins,31
37,Robert,Rocha,71
38,Jackie,Carter,73
39,Peter,Taylor,72
40,Alan,Miller,58
41,Michael,Shepard,24
42,Jennifer,Johnson,31
43,Anthony,Parker,38
44,Lance,Nelson,31
45,Ashley,Guerrero,22
46,James,Shannon,56
47,Jose,Bush,77
48,Jennifer,Cooper,80
49,Donna,Powell,48
50,Donald,Taylor,80
